{
  "model_name_or_path": "google-bert/bert-base-uncased",
  "num_samples": 1400,
  "k_values": [
    10,
    30
  ],
  "purity_scores": {
    "10": 0.3577142857142857,
    "30": 0.27626190476190476
  }
}