{
  "model_name_or_path": "emilyalsentzer/Bio_ClinicalBERT",
  "num_samples": 1400,
  "k_values": [
    10,
    30
  ],
  "purity_scores": {
    "10": 0.3852142857142858,
    "30": 0.29745238095238097
  }
}