{
  "model_name_or_path": "thomas-sounack/BioClinical-ModernBERT-large",
  "num_samples": 418,
  "k_values": [
    10,
    30
  ],
  "purity_scores": {
    "10": 0.3880382775119617,
    "30": 0.28157894736842104
  }
}