{
  "model_name_or_path": "michiyasunaga/BioLinkBERT-large",
  "num_samples": 1400,
  "k_values": [
    10,
    30
  ],
  "purity_scores": {
    "10": 0.4776428571428572,
    "30": 0.3808571428571428
  }
}