{
    "epoch": 3.0,
    "eval_F1": 0.1824561403508772,
    "eval_precision": 0.1100762066045724,
    "eval_recall": 0.5327868852459017,
    "eval_samples": 186,
    "test_F1": 0.1844319775596073,
    "test_precision": 0.11106418918918919,
    "test_recall": 0.5433884297520661,
    "test_samples": 371,
    "total_flos": 0.0,
    "train_loss": 0.6925857067108154,
    "train_runtime": 3.7298,
    "train_samples": 2,
    "train_samples_per_second": 1.609,
    "train_steps_per_second": 0.804
}