{
    "epoch": 3.0,
    "eval_F1": 0.1824561403508772,
    "eval_precision": 0.1100762066045724,
    "eval_recall": 0.5327868852459017,
    "eval_samples": 186
}