{
    "epoch": 10.0,
    "eval_F1": 0.649706457925636,
    "eval_precision": 0.7155172413793104,
    "eval_recall": 0.5949820788530465,
    "eval_samples": 400,
    "test_F1": 0.6495956873315363,
    "test_precision": 0.6925287356321839,
    "test_recall": 0.6116751269035533,
    "test_samples": 400,
    "total_flos": 4239334735872000.0,
    "train_loss": 0.3905372619628906,
    "train_runtime": 482.7067,
    "train_samples": 3200,
    "train_samples_per_second": 66.293,
    "train_steps_per_second": 2.072
}