{
    "epoch": 10.0,
    "eval_F1": 0.649706457925636,
    "eval_precision": 0.7155172413793104,
    "eval_recall": 0.5949820788530465,
    "eval_samples": 400
}