{
    "epoch": 10.0,
    "eval_F1": 0.6619263089851325,
    "eval_precision": 0.7211267605633803,
    "eval_recall": 0.6117084826762246,
    "eval_samples": 400,
    "test_F1": 0.6472184531886025,
    "test_precision": 0.6953352769679301,
    "test_recall": 0.6053299492385786,
    "test_samples": 400,
    "total_flos": 8419931750400000.0,
    "train_loss": 0.362783935546875,
    "train_runtime": 694.4191,
    "train_samples": 3200,
    "train_samples_per_second": 46.082,
    "train_steps_per_second": 1.44
}