{
    "epoch": 10.0,
    "eval_F1": 0.6619263089851325,
    "eval_precision": 0.7211267605633803,
    "eval_recall": 0.6117084826762246,
    "eval_samples": 400
}