{
    "epoch": 15.0,
    "eval_F1": 0.9178082191780822,
    "eval_precision": 0.881578947368421,
    "eval_recall": 0.9571428571428572,
    "eval_samples": 200
}