{
    "epoch": 10.0,
    "eval_F1": 0.9021739130434783,
    "eval_precision": 0.8556701030927835,
    "eval_recall": 0.9540229885057471,
    "eval_samples": 128,
    "test_F1": 0.8789473684210526,
    "test_precision": 0.8608247422680413,
    "test_recall": 0.8978494623655914,
    "test_samples": 272,
    "total_flos": 0.0,
    "train_loss": 0.4212158584818244,
    "train_runtime": 7472.478,
    "train_samples": 1600,
    "train_samples_per_second": 2.141,
    "train_steps_per_second": 1.071
}