{
    "epoch": 10.0,
    "eval_F1": 0.9021739130434783,
    "eval_precision": 0.8556701030927835,
    "eval_recall": 0.9540229885057471,
    "eval_samples": 128
}